-- phpMyAdmin SQL Dump
-- version 5.2.0
-- https://www.phpmyadmin.net/
--
-- Host: 127.0.0.1
-- Waktu pembuatan: 30 Nov 2023 pada 07.47
-- Versi server: 10.4.27-MariaDB
-- Versi PHP: 8.2.0

SET SQL_MODE = "NO_AUTO_VALUE_ON_ZERO";
START TRANSACTION;
SET time_zone = "+00:00";


/*!40101 SET @OLD_CHARACTER_SET_CLIENT=@@CHARACTER_SET_CLIENT */;
/*!40101 SET @OLD_CHARACTER_SET_RESULTS=@@CHARACTER_SET_RESULTS */;
/*!40101 SET @OLD_COLLATION_CONNECTION=@@COLLATION_CONNECTION */;
/*!40101 SET NAMES utf8mb4 */;

--
-- Database: `penjualan`
--

-- --------------------------------------------------------

--
-- Struktur dari tabel `barang`
--

CREATE TABLE `barang` (
  `id_barang` int(11) NOT NULL,
  `nama_barang` varchar(20) NOT NULL,
  `harga` int(11) NOT NULL,
  `stok` int(11) NOT NULL,
  `id_supplier` int(11) NOT NULL
) ENGINE=InnoDB DEFAULT CHARSET=utf8mb4 COLLATE=utf8mb4_general_ci;

--
-- Dumping data untuk tabel `barang`
--

INSERT INTO `barang` (`id_barang`, `nama_barang`, `harga`, `stok`, `id_supplier`) VALUES
(1, 'pensil', 3000, 30, 6),
(2, 'kertas folio', 1000, 149, 7),
(4, 'pulpen', 4000, 100, 6),
(5, 'buku', 5000, 209, 7),
(18, 'kabel data', 30000, 100, 6),
(19, 'casing', 20000, 100, 6);

-- --------------------------------------------------------

--
-- Struktur dari tabel `pembayaran`
--

CREATE TABLE `pembayaran` (
  `id_pembayaran` int(11) NOT NULL,
  `tgl_bayar` date NOT NULL,
  `total_bayar` int(11) NOT NULL,
  `id_transaksi` int(11) NOT NULL
) ENGINE=InnoDB DEFAULT CHARSET=utf8mb4 COLLATE=utf8mb4_general_ci;

-- --------------------------------------------------------

--
-- Struktur dari tabel `pembeli`
--

CREATE TABLE `pembeli` (
  `id_pembeli` int(11) NOT NULL,
  `nama_pembeli` varchar(30) NOT NULL,
  `jk` char(1) NOT NULL,
  `no_telp` char(14) NOT NULL,
  `alamat` varchar(50) NOT NULL,
  `jumlah_transaksi` int(11) NOT NULL
) ENGINE=InnoDB DEFAULT CHARSET=utf8mb4 COLLATE=utf8mb4_general_ci;

--
-- Dumping data untuk tabel `pembeli`
--

INSERT INTO `pembeli` (`id_pembeli`, `nama_pembeli`, `jk`, `no_telp`, `alamat`, `jumlah_transaksi`) VALUES
(1, 'rangga', '1', '089612345677', 'sidoarjo', 1),
(2, 'rangga', '1', '089612345677', 'sidoarjo', 2),
(3, 'damar', '1', '08654384753', 'Desa kewibuan', 3);

-- --------------------------------------------------------

--
-- Struktur dari tabel `supplier`
--

CREATE TABLE `supplier` (
  `id_supplier` int(11) NOT NULL,
  `nama_supplier` varchar(30) NOT NULL,
  `no_telp` char(13) NOT NULL,
  `alamat` varchar(100) NOT NULL
) ENGINE=InnoDB DEFAULT CHARSET=utf8mb4 COLLATE=utf8mb4_general_ci;

--
-- Dumping data untuk tabel `supplier`
--

INSERT INTO `supplier` (`id_supplier`, `nama_supplier`, `no_telp`, `alamat`) VALUES
(6, 'Rangga', '089612345677', 'Desa Penghijauan'),
(7, 'Gazha', '08943765986', 'Desa Kuningan'),
(8, 'Farhan', '0863245293453', 'Desa Penghitaman'),
(9, 'Satrio', '08234714012', 'Desa Keanehan');

-- --------------------------------------------------------

--
-- Struktur dari tabel `transaksi`
--

CREATE TABLE `transaksi` (
  `id_transaksi` int(11) NOT NULL,
  `id_barang` int(11) NOT NULL,
  `id_pembeli` int(11) NOT NULL,
  `tanggal` date NOT NULL,
  `keterangan` varchar(100) NOT NULL,
  `total_harga` int(11) NOT NULL,
  `nominal_pembayaran` int(11) NOT NULL
) ENGINE=InnoDB DEFAULT CHARSET=utf8mb4 COLLATE=utf8mb4_general_ci;

--
-- Dumping data untuk tabel `transaksi`
--

INSERT INTO `transaksi` (`id_transaksi`, `id_barang`, `id_pembeli`, `tanggal`, `keterangan`, `total_harga`, `nominal_pembayaran`) VALUES
(3, 1, 1, '2023-11-23', 'jhcbg ', 0, 0),
(4, 1, 1, '2023-11-23', 'jhcbg ', 0, 0),
(5, 4, 2, '2023-11-23', 'gjcjuygvlihnb', 4000, 4000),
(6, 5, 1, '2023-11-23', 'uyubibu', 5000, 5000),
(7, 2, 2, '2023-11-23', 'uyxkbjhu', 1000, 1000);

--
-- Trigger `transaksi`
--
DELIMITER $$
CREATE TRIGGER `after_transaksi_insert` AFTER INSERT ON `transaksi` FOR EACH ROW UPDATE pembeli
SET jumlah_transaksi = jumlah_transaksi+1
WHERE id_pembeli = NEW.id_pembeli
$$
DELIMITER ;
DELIMITER $$
CREATE TRIGGER `pengurangan_stok_after_insert` BEFORE INSERT ON `transaksi` FOR EACH ROW UPDATE barang
SET barang.stok = barang.stok-1,
barang.harga = new.total_harga
WHERE barang.id_barang = NEW.id_barang
$$
DELIMITER ;

--
-- Indexes for dumped tables
--

--
-- Indeks untuk tabel `barang`
--
ALTER TABLE `barang`
  ADD PRIMARY KEY (`id_barang`),
  ADD KEY `id_supplier` (`id_supplier`) USING BTREE;

--
-- Indeks untuk tabel `pembayaran`
--
ALTER TABLE `pembayaran`
  ADD PRIMARY KEY (`id_pembayaran`),
  ADD UNIQUE KEY `id_transaksi` (`id_transaksi`);

--
-- Indeks untuk tabel `pembeli`
--
ALTER TABLE `pembeli`
  ADD PRIMARY KEY (`id_pembeli`);

--
-- Indeks untuk tabel `supplier`
--
ALTER TABLE `supplier`
  ADD PRIMARY KEY (`id_supplier`);

--
-- Indeks untuk tabel `transaksi`
--
ALTER TABLE `transaksi`
  ADD PRIMARY KEY (`id_transaksi`),
  ADD KEY `id_barang` (`id_barang`),
  ADD KEY `id_pembeli` (`id_pembeli`);

--
-- AUTO_INCREMENT untuk tabel yang dibuang
--

--
-- AUTO_INCREMENT untuk tabel `barang`
--
ALTER TABLE `barang`
  MODIFY `id_barang` int(11) NOT NULL AUTO_INCREMENT, AUTO_INCREMENT=20;

--
-- AUTO_INCREMENT untuk tabel `pembayaran`
--
ALTER TABLE `pembayaran`
  MODIFY `id_pembayaran` int(11) NOT NULL AUTO_INCREMENT;

--
-- AUTO_INCREMENT untuk tabel `pembeli`
--
ALTER TABLE `pembeli`
  MODIFY `id_pembeli` int(11) NOT NULL AUTO_INCREMENT, AUTO_INCREMENT=5;

--
-- AUTO_INCREMENT untuk tabel `supplier`
--
ALTER TABLE `supplier`
  MODIFY `id_supplier` int(11) NOT NULL AUTO_INCREMENT, AUTO_INCREMENT=11;

--
-- AUTO_INCREMENT untuk tabel `transaksi`
--
ALTER TABLE `transaksi`
  MODIFY `id_transaksi` int(11) NOT NULL AUTO_INCREMENT, AUTO_INCREMENT=8;

--
-- Ketidakleluasaan untuk tabel pelimpahan (Dumped Tables)
--

--
-- Ketidakleluasaan untuk tabel `barang`
--
ALTER TABLE `barang`
  ADD CONSTRAINT `barang_ibfk_1` FOREIGN KEY (`id_supplier`) REFERENCES `supplier` (`id_supplier`);

--
-- Ketidakleluasaan untuk tabel `transaksi`
--
ALTER TABLE `transaksi`
  ADD CONSTRAINT `transaksi_ibfk_1` FOREIGN KEY (`id_barang`) REFERENCES `barang` (`id_barang`),
  ADD CONSTRAINT `transaksi_ibfk_2` FOREIGN KEY (`id_pembeli`) REFERENCES `pembeli` (`id_pembeli`);
COMMIT;

/*!40101 SET CHARACTER_SET_CLIENT=@OLD_CHARACTER_SET_CLIENT */;
/*!40101 SET CHARACTER_SET_RESULTS=@OLD_CHARACTER_SET_RESULTS */;
/*!40101 SET COLLATION_CONNECTION=@OLD_COLLATION_CONNECTION */;
